{
  "lang":"id",
  "name":"pipeline",
  "version":"0.0.0",
  "spacy_version":">=3.7.4,<3.8.0",
  "description":"",
  "author":"",
  "email":"",
  "url":"",
  "license":"",
  "spacy_git_version":"bff8725f4",
  "vectors":{
    "width":0,
    "vectors":0,
    "keys":0,
    "name":null,
    "mode":"default"
  },
  "labels":{
    "tok2vec":[

    ],
    "ner":[
      "B-ADDRESS",
      "B-EMAIL",
      "B-NAME",
      "B-PHONE",
      "B-PROFESSION",
      "B-WEB",
      "H",
      "I-ADDRESS",
      "I-NAME",
      "I-PROFESSION"
    ]
  },
  "pipeline":[
    "tok2vec",
    "ner"
  ],
  "components":[
    "tok2vec",
    "ner"
  ],
  "disabled":[

  ],
  "performance":{
    "ents_f":0.991112992,
    "ents_p":0.991112992,
    "ents_r":0.991112992,
    "ents_per_type":{
      "B-NAME":{
        "p":0.9420289855,
        "r":0.9420289855,
        "f":0.9420289855
      },
      "B-PHONE":{
        "p":1.0,
        "r":1.0,
        "f":1.0
      },
      "B-WEB":{
        "p":1.0,
        "r":0.9923664122,
        "f":0.9961685824
      },
      "B-ADDRESS":{
        "p":1.0,
        "r":0.9991532599,
        "f":0.9995764507
      },
      "B-EMAIL":{
        "p":0.9963636364,
        "r":1.0,
        "f":0.9981785064
      },
      "I-NAME":{
        "p":0.9358974359,
        "r":0.9605263158,
        "f":0.9480519481
      },
      "B-PROFESSION":{
        "p":0.98,
        "r":0.9423076923,
        "f":0.9607843137
      },
      "I-PROFESSION":{
        "p":1.0,
        "r":0.9722222222,
        "f":0.985915493
      },
      "I-ADDRESS":{
        "p":0.8888888889,
        "r":1.0,
        "f":0.9411764706
      }
    },
    "tok2vec_loss":43.3125837445,
    "ner_loss":9.7607041587
  }
}